Accuracy,Avg Precision,Avg Reaction Time,Avg First Shot Accuracy,Missed Shots,Avg Max Mouse Speed,Overshoot,Undershoot
88.4615384615385%,57.248799810591%,0.8695652173913ms,100.0%,3,2482.05919614046,66.6666666666667%,33.3333333333333%
